ProductId,
s_00169201_rgram
s_00170501_rgram
s_00175801_rgram
s_00177101_rgram
s_00185002_rgram
s_00190302_rgram
s_00191602_rgram
s_00196901_rgram
s_00204801_rgram
s_00206102_rgram
s_00211401_rgram
s_00212701_rgram
s_00240401_rgram
s_00254901_rgram
s_00276001_rgram
s_00277301_rgram
s_00311602_rgram
s_00312902_rgram
s_00318202_rgram
s_00318902_rgram
s_00319502_rgram
s_00320201_rgram
s_00324802_rgram
s_00326102_rgram
s_00332701_rgram
s_00334001_rgram
s_00339301_rgram
s_00340601_rgram
s_00345901_rgram
s_00347201_rgram
s_00353801_rgram
s_00355101_rgram
s_00360401_rgram
s_00361701_rgram
s_00368301_rgram
s_00390701_rgram
s_00396001_rgram
s_00397301_rgram
s_00402601_rgram
s_00403901_rgram
s_00438202_rgram
s_00439501_rgram
s_00446101_rgram
s_00447401_rgram
s_00459301_rgram
s_00467202_rgram
s_00468501_rgram
s_00496201_rgram
s_00502801_rgram
s_00659703_rgram
s_00674201_rgram
s_01809502_rgram
s_01916302_rgram
s_02029101_rgram
s_02157601_rgram
s_02235402_rgram
s_02256503_rgram
s_02284901_rgram
s_02292801_rgram
s_02339601_rgram
s_02340903_rgram
s_02532102_rgram
s_02537401_rgram
s_02538701_rgram
s_02545301_rgram
s_02546602_rgram
s_02551902_rgram
s_02553201_rgram
s_02559802_rgram
s_02561101_rgram
s_02566401_rgram
s_02573001_rgram
s_02594101_rgram
s_02600701_rgram
s_02608601_rgram
s_02615201_rgram
s_02645502_rgram
s_02650801_rgram
s_02652101_rgram
s_02657401_rgram
s_02693001_rgram
s_02728601_rgram
s_02735201_rgram
s_02736501_rgram
s_02764201_rgram
s_02798501_rgram
s_02805101_rgram
s_02819601_rgram
s_03345701_rgram
s_05518202_rgram
s_05581502_rgram
s_05588102_rgram
s_05623701_rgram
s_05671201_rgram
s_05684401_rgram
s_05698901_rgram
s_05816902_rgram
s_06079301_rgram
s_06298201_rgram
s_06455801_rgram
s_06481501_rgram
s_06525001_rgram
s_06538203_rgram
s_06539501_rgram
s_06574501_rgram
s_06579801_rgram
s_06581102_rgram
s_06592301_rgram
s_06600901_rgram
s_06602201_rgram
s_06641803_rgram
s_06676801_rgram
s_06691201_rgram
s_06691901_rgram
s_06697203_rgram
s_06703802_rgram
s_06705102_rgram
s_06711702_rgram
s_06725601_rgram
s_06737401_rgram
s_06738701_rgram
s_06779601_rgram
s_06786202_rgram
s_06791601_rgram
s_06804801_rgram
s_06812601_rgram
s_06825801_rgram
s_06844301_rgram
s_06852201_rgram
s_06940602_rgram
s_06953201_rgram
s_06960403_rgram
s_06990101_rgram
s_06994702_rgram
s_07017801_rgram
s_07025701_rgram
s_07032301_rgram
s_07046801_rgram
s_07152902_rgram
s_07168101_rgram
s_07416001_rgram
s_07421301_rgram
s_07429201_rgram
s_07430501_rgram
s_07542601_rgram
s_07543901_rgram
s_07549201_rgram
s_07550501_rgram
s_07555802_rgram
s_07558401_rgram
s_07994901_rgram
s_08055601_rgram
s_08056901_rgram
s_08063501_rgram
s_08092502_rgram
s_08156401_rgram
s_08163701_rgram
s_08211201_rgram
s_08217801_rgram
s_08225001_rgram
s_08232901_rgram
s_08247401_rgram
s_08296201_rgram
s_08505201_rgram
s_08532202_rgram
